max_abs_nav_difference,final_nav_difference,rl_only_final_return_pct,rl_full_final_return_pct
0.0007231073177536018,0.0003726764589373488,13.053090052990468,13.053086326225882
